date,Price,,
2017-03-30,5030,,
2017-03-29,4970,,
2017-03-28,4980,,
2017-03-27,5020,,
2017-03-26,5090,,
2017-03-25,5050,,
2017-03-24,5040,,
2017-03-23,5020,,
2017-03-22,5040,,
2017-03-21,5090,,
2017-03-20,5100,,
2017-03-19,5190,,
2017-03-18,5090,,
2017-03-17,5090,,
2017-03-16,5230,,
2017-03-15,5090,,
2017-03-14,5180,,
2017-03-13,5110,,
2017-03-12,5080,,
2017-03-11,5060,,
2017-03-10,4960,,
2017-03-09,4830,,
2017-03-08,5030,,
2017-03-07,5070,,
2017-03-06,5030,,
2017-03-05,5080,,
2017-03-04,5060,,
2017-03-03,5130,,
2017-03-02,5240,,
2017-03-01,5260,,
2017-02-28,4980,,
2017-02-27,4930,,
2017-02-26,4920,,
2017-02-25,4940,,
2017-02-24,4880,,
2017-02-23,4820,,
2017-02-22,4840,,
2017-02-21,4820,,
2017-02-20,4780,,
2017-02-19,4900,,
2017-02-18,4960,,
2017-02-17,4870,,
2017-02-16,4850,,
2017-02-15,4800,,
2017-02-14,4770,,
2017-02-13,4850,,
2017-02-12,4840,,
2017-02-11,4850,,
2017-02-10,4640,,
2017-02-09,4440,,
2017-02-08,4430,,
2017-02-07,4580,,
2017-02-06,4660,,
2017-02-05,4650,,
2017-02-04,4730,,
2017-02-03,4790,,
2017-02-02,4700,,
2017-02-01,4830,,
2017-01-31,4800,,
2017-01-30,4840,,
2017-01-29,4860,,
2017-01-28,4880,,
2017-01-27,4890,,
2017-01-26,4820,,
2017-01-25,4820,,
2017-01-24,4790,,
2017-01-23,4800,,
2017-01-22,4810,,
2017-01-21,4750,,
2017-01-20,4650,,
2017-01-19,4730,,
2017-01-18,4730,,
2017-01-17,4700,,
2017-01-16,4750,,
2017-01-15,4820,,
2017-01-14,4780,,
2017-01-13,4770,,
2017-01-12,4880,,
2017-01-11,4840,,
2017-01-10,4810,,
2017-01-09,4750,,
2017-01-08,4780,,
2017-01-07,4770,,
2017-01-06,4990,,
2017-01-05,4970,,
2017-01-04,5160,,
2017-01-03,5120,,
2017-01-02,5260,,
2017-01-01,5060,,
2016-12-31,5110,,
2016-12-30,5100,,
2016-12-29,5240,,
2016-12-28,5180,,
2016-12-27,4920,,
2016-12-26,5080,,
2016-12-25,5370,,
2016-12-24,5090,,
2016-12-23,4970,,
2016-12-22,4920,,
2016-12-21,4680,,
2016-12-20,4690,,
2016-12-19,4570,,
2016-12-18,4620,,
2016-12-17,4500,,
2016-12-16,4730,,
2016-12-15,4690,,
2016-12-14,4760,,
2016-12-13,4740,,
2016-12-12,4720,,
2016-12-11,4680,,
2016-12-10,4770,,
2016-12-09,4570,,
2016-12-08,4500,,
2016-12-07,4650,,
2016-12-06,4590,,
2016-12-05,4550,,
2016-12-04,4350,,
2016-12-03,4480,,
2016-12-02,4530,,
2016-12-01,4530,,
2016-11-30,4580,,
2016-11-29,4610,,
2016-11-28,4810,,
2016-11-27,4570,,
2016-11-26,4620,,
2016-11-25,4590,,
2016-11-24,4660,,
2016-11-23,4730,,
2016-11-22,4790,,
2016-11-21,4760,,
2016-11-20,4700,,
2016-11-19,4810,,
2016-11-18,4790,,
2016-11-17,4890,,
2016-11-16,4870,,
2016-11-15,5020,,
2016-11-14,4920,,
2016-11-13,4940,,
2016-11-12,4950,,
2016-11-11,5000,,
2016-11-10,4850,,
2016-11-09,5160,,
2016-11-08,5080,,
2016-11-07,5130,,
2016-11-06,5190,,
2016-11-05,5260,,
2016-11-04,5140,,
2016-11-03,5170,,
2016-11-02,5220,,
2016-11-01,5360,,
2016-10-31,5300,,
2016-10-30,5400,,
2016-10-29,5390,,
2016-10-28,5230,,
2016-10-27,5250,,
2016-10-26,5000,,
2016-10-25,5010,,
2016-10-24,4950,,
2016-10-23,5000,,
2016-10-22,4880,,
2016-10-21,5030,,
2016-10-20,5110,,
2016-10-19,5270,,
2016-10-18,5060,,
2016-10-17,5200,,
2016-10-16,5190,,
2016-10-15,5220,,
2016-10-14,5210,,
2016-10-13,5370,,
2016-10-12,5440,,
2016-10-11,5620,,
2016-10-10,5740,,
2016-10-09,5590,,
2016-10-08,5540,,
2016-10-07,5630,,
2016-10-06,5480,,
2016-10-05,5600,,
2016-10-04,5620,,
2016-10-03,5670,,
2016-10-02,5870,,
2016-10-01,5910,,
2016-09-30,5960,,
2016-09-29,5860,,
2016-09-28,5730,,
2016-09-27,5350,,
2016-09-26,5300,,
2016-09-25,5810,,
2016-09-24,5810,,
2016-09-23,5780,,
2016-09-22,6000,,
2016-09-21,5840,,
2016-09-20,5930,,
2016-09-19,6110,,
2016-09-18,6210,,
2016-09-17,6140,,
2016-09-16,6070,,
2016-09-15,6340,,
2016-09-14,6410,,
2016-09-13,6180,,
2016-09-12,6000,,
2016-09-11,6040,,
2016-09-10,6020,,
2016-09-09,5920,,
2016-09-08,6090,,
2016-09-07,5920,,
2016-09-06,5810,,
2016-09-05,5830,,
2016-09-04,6210,,
2016-09-03,6340,,
2016-09-02,6210,,
2016-09-01,5830,,
2016-08-31,6060,,
2016-08-30,5780,,
2016-08-29,5670,,
2016-08-28,5450,,
2016-08-27,5350,,
2016-08-26,5120,,
2016-08-25,5010,,
2016-08-24,5010,,
2016-08-23,4970,,
2016-08-22,5170,,
2016-08-21,5050,,
2016-08-20,4970,,
2016-08-19,5000,,
2016-08-18,4920,,
2016-08-17,4930,,
2016-08-16,4990,,
2016-08-15,5090,,
2016-08-14,5310,,
2016-08-13,5360,,
2016-08-12,5340,,
2016-08-11,5410,,
2016-08-10,5300,,
2016-08-09,5440,,
2016-08-08,5500,,
2016-08-07,5600,,
2016-08-06,5780,,
2016-08-05,5760,,
2016-08-04,5910,,
2016-08-03,5940,,
2016-08-02,6160,,
2016-08-01,5980,,
2016-07-31,6060,,
2016-07-30,6140,,
2016-07-29,6030,,
2016-07-28,5960,,
2016-07-27,5950,,
2016-07-26,6010,,
2016-07-25,6010,,
2016-07-24,6470,,
2016-07-23,6650,,
2016-07-22,6890,,
2016-07-21,6920,,
2016-07-20,6740,,
2016-07-19,6900,,
2016-07-18,6850,,
2016-07-17,6970,,
2016-07-16,7040,,
2016-07-15,6850,,
2016-07-14,6920,,
2016-07-13,6470,,
2016-07-12,6260,,
2016-07-11,6180,,
2016-07-10,6080,,
2016-07-09,6160,,
2016-07-08,6030,,
2016-07-07,5670,,
2016-07-06,5690,,
2016-07-05,5700,,
2016-07-04,5630,,
2016-07-03,5540,,
2016-07-02,5060,,
2016-07-01,4960,,
2016-06-30,4590,,
2016-06-29,4510,,
2016-06-28,4500,,
2016-06-27,4440,,
2016-06-26,4400,,
2016-06-25,4550,,
2016-06-24,4600,,
2016-06-23,4480,,
2016-06-22,4520,,
2016-06-21,4570,,
2016-06-20,4430,,
2016-06-19,4390,,
2016-06-18,4400,,
2016-06-17,4290,,
2016-06-16,4190,,
2016-06-15,4240,,
2016-06-14,4310,,
2016-06-13,4260,,
2016-06-12,4330,,
2016-06-11,4180,,
2016-06-10,4380,,
2016-06-09,4410,,
2016-06-08,4380,,
2016-06-07,4290,,
2016-06-06,4340,,
2016-06-05,4120,,
2016-06-04,4320,,
2016-06-03,4290,,
2016-06-02,4430,,
2016-06-01,4420,,
2016-05-31,4400,,
2016-05-30,4470,,
2016-05-29,4220,,
2016-05-28,4250,,
2016-05-27,4280,,
2016-05-26,4390,,
2016-05-25,4380,,
2016-05-24,4360,,
2016-05-23,4320,,
2016-05-22,4390,,
2016-05-21,4250,,
2016-05-20,4280,,
2016-05-19,4350,,
2016-05-18,4360,,
2016-05-17,4470,,
2016-05-16,4590,,
2016-05-15,4580,,
2016-05-14,4540,,
2016-05-13,4550,,
2016-05-12,4500,,
2016-05-11,4580,,
2016-05-10,4460,,
2016-05-09,4390,,
2016-05-08,4440,,
2016-05-07,4410,,
2016-05-06,4540,,
2016-05-05,4540,,
2016-05-04,4440,,
2016-05-03,4650,,
2016-05-02,4700,,
2016-05-01,4560,,
2016-04-30,4460,,
2016-04-29,4340,,
2016-04-28,4270,,
2016-04-27,4300,,
2016-04-26,4230,,
2016-04-25,4370,,
2016-04-24,4370,,
2016-04-23,4320,,
2016-04-22,4380,,
2016-04-21,4460,,
2016-04-20,4260,,
2016-04-19,4330,,
2016-04-18,4350,,
2016-04-17,4430,,
2016-04-16,4600,,
2016-04-15,4740,,
2016-04-14,4610,,
2016-04-13,4590,,
2016-04-12,4550,,
2016-04-11,4540,,
2016-04-10,4640,,
2016-04-09,4500,,
2016-04-08,4430,,
2016-04-07,4340,,
2016-04-06,4240,,
2016-04-05,4140,,
2016-04-04,4260,,
2016-04-03,4370,,
2016-04-02,4590,,
2016-04-01,4490,,
2016-03-31,4530,,
2016-03-30,4700,,
2016-03-29,4700,,
2016-03-28,4680,,
2016-03-27,4690,,
2016-03-26,4870,,
2016-03-25,4870,,
2016-03-24,5010,,
2016-03-23,4840,,
2016-03-22,4890,,
2016-03-21,4970,,
2016-03-20,4940,,
2016-03-19,4820,,
2016-03-18,4920,,
2016-03-17,4900,,
2016-03-16,4900,,
2016-03-15,4860,,
2016-03-14,5010,,
2016-03-13,4920,,
2016-03-12,4950,,
2016-03-11,4960,,
2016-03-10,5130,,
2016-03-09,5000,,
2016-03-08,5050,,
2016-03-07,5050,,
2016-03-06,4960,,
2016-03-05,5120,,
2016-03-04,4970,,
2016-03-03,4840,,
2016-03-02,5060,,
2016-03-01,5090,,
2016-02-29,4940,,
2016-02-28,4950,,
2016-02-27,4930,,
2016-02-26,4950,,
2016-02-25,4880,,
2016-02-24,4870,,
2016-02-23,5030,,
2016-02-22,5080,,
2016-02-21,5040,,
2016-02-20,5050,,
2016-02-19,5070,,
2016-02-18,5090,,
2016-02-17,5140,,
2016-02-16,5210,,
2016-02-15,5310,,
2016-02-14,5350,,
2016-02-13,5380,,
2016-02-12,5340,,
2016-02-11,5250,,
2016-02-10,5390,,
2016-02-09,5450,,
2016-02-08,5540,,
2016-02-07,5490,,
2016-02-06,5280,,
2016-02-05,5060,,
2016-02-04,4890,,
2016-02-03,4920,,
2016-02-02,4950,,
2016-02-01,4760,,
2016-01-31,4740,,
2016-01-30,4840,,
2016-01-29,4820,,
2016-01-28,4880,,
2016-01-27,4950,,
2016-01-26,5000,,
2016-01-25,4890,,
2016-01-24,4850,,
2016-01-23,4800,,
2016-01-22,4800,,
2016-01-21,4900,,
2016-01-20,4860,,
2016-01-19,4730,,
2016-01-18,4690,,
2016-01-17,4780,,
2016-01-16,4820,,
2016-01-15,4810,,
2016-01-14,4580,,
2016-01-13,4360,,
2016-01-12,4290,,
2016-01-11,4250,,
2016-01-10,4410,,
2016-01-09,4500,,
2016-01-08,4280,,
2016-01-07,3910,,
2016-01-06,3950,,
2016-01-05,3870,,
2016-01-04,3930,,
2016-01-03,3990,,
2016-01-02,3940,,
2016-01-01,3980,,
2015-12-31,3870,,
2015-12-30,3840,,
2015-12-29,4010,,
2015-12-28,3900,,
2015-12-27,3940,,
2015-12-26,4010,,
2015-12-25,4050,,
2015-12-24,4090,,
2015-12-23,4030,,
2015-12-22,3840,,
2015-12-21,3990,,
2015-12-20,4070,,
2015-12-19,4100,,
2015-12-18,4070,,
2015-12-17,4140,,
2015-12-16,4100,,
2015-12-15,4120,,
2015-12-14,4260,,
2015-12-13,4270,,
2015-12-12,4420,,
2015-12-11,4410,,
2015-12-10,4420,,
2015-12-09,4490,,
2015-12-08,4670,,
2015-12-07,4420,,
2015-12-06,4590,,
2015-12-05,4270,,
2015-12-04,3840,,
2015-12-03,4020,,
2015-12-02,4190,,
2015-12-01,4190,,
2015-11-30,4250,,
2015-11-29,4590,,
2015-11-28,4390,,
2015-11-27,4230,,
2015-11-26,4230,,
2015-11-25,4180,,
2015-11-24,4170,,
2015-11-23,4130,,
2015-11-22,4020,,
2015-11-21,4020,,
2015-11-20,4180,,
2015-11-19,4290,,
2015-11-18,4250,,
2015-11-17,4260,,
2015-11-16,4290,,
2015-11-15,4190,,
2015-11-14,4170,,
2015-11-13,4040,,
2015-11-12,3760,,
2015-11-11,3810,,
2015-11-10,3710,,
2015-11-09,3670,,
2015-11-08,3740,,
2015-11-07,3780,,
2015-11-06,3860,,
2015-11-05,3850,,
2015-11-04,3850,,
2015-11-03,3700,,
2015-11-02,3860,,
2015-11-01,3770,,
2015-10-31,3670,,
2015-10-30,3540,,
2015-10-29,3610,,
2015-10-28,3560,,
2015-10-27,3740,,
2015-10-26,3810,,
2015-10-25,3720,,
2015-10-24,3800,,
2015-10-23,3700,,
2015-10-22,3640,,
2015-10-21,3780,,
2015-10-20,3770,,
2015-10-19,3750,,
2015-10-18,3850,,
2015-10-17,3800,,
2015-10-16,3810,,
2015-10-15,3510,,
2015-10-14,3590,,
2015-10-13,3830,,
2015-10-12,3460,,
2015-10-11,3720,,
2015-10-10,3750,,
2015-10-09,3830,,
2015-10-08,3730,,
2015-10-07,3770,,
2015-10-06,3740,,
2015-10-05,3730,,
2015-10-04,3870,,
2015-10-03,3720,,
2015-10-02,3750,,
2015-10-01,3770,,
2015-09-30,3730,,
2015-09-29,3770,,
2015-09-28,3760,,
2015-09-27,3810,,
2015-09-26,3810,,
2015-09-25,3960,,
2015-09-24,3910,,
2015-09-23,3900,,
2015-09-22,3710,,
2015-09-21,3690,,
2015-09-20,3750,,
2015-09-19,3800,,
2015-09-18,3710,,
2015-09-17,3520,,
2015-09-16,3660,,
2015-09-15,3610,,
2015-09-14,3630,,
2015-09-13,3650,,
2015-09-12,3700,,
2015-09-11,3740,,
2015-09-10,3600,,
2015-09-09,3580,,
2015-09-08,3590,,
2015-09-07,3780,,
2015-09-06,3770,,
2015-09-05,3720,,
2015-09-04,3770,,
2015-09-03,3710,,
2015-09-02,3860,,
2015-09-01,3870,,
2015-08-31,3640,,
2015-08-30,3630,,
2015-08-29,3610,,
2015-08-28,3530,,
2015-08-27,3500,,
2015-08-26,3450,,
2015-08-25,3590,,
2015-08-24,3450,,
2015-08-23,3510,,
2015-08-22,3350,,
2015-08-21,3260,,
2015-08-20,3350,,
2015-08-19,3390,,
2015-08-18,3310,,
2015-08-17,3480,,
2015-08-16,3550,,
2015-08-15,3620,,
2015-08-14,3530,,
2015-08-13,3550,,
2015-08-12,3540,,
2015-08-11,3530,,
2015-08-10,3550,,
2015-08-09,3510,,
2015-08-08,3580,,
2015-08-07,3650,,
2015-08-06,3650,,
2015-08-05,3630,,
2015-08-04,3680,,
2015-08-03,3600,,
2015-08-02,3620,,
2015-08-01,3540,,
2015-07-31,3570,,
2015-07-30,3540,,
2015-07-29,3580,,
2015-07-28,3690,,
2015-07-27,3870,,
2015-07-26,3950,,
2015-07-25,3990,,
2015-07-24,4000,,
2015-07-23,4020,,
2015-07-22,4100,,
2015-07-21,4030,,
2015-07-20,4220,,
2015-07-19,4370,,
2015-07-18,4320,,
2015-07-17,4250,,
2015-07-16,4130,,
2015-07-15,4160,,
2015-07-14,4270,,
2015-07-13,4560,,
2015-07-12,4840,,
2015-07-11,4850,,
2015-07-10,4770,,
2015-07-09,4860,,
2015-07-08,4920,,
2015-07-07,4910,,
2015-07-06,5060,,
2015-07-05,5140,,
2015-07-04,5180,,
2015-07-03,5140,,
2015-07-02,5260,,
2015-07-01,5170,,
2015-06-30,5060,,
2015-06-29,5000,,
2015-06-28,4780,,
2015-06-27,4960,,
2015-06-26,5150,,
2015-06-25,4640,,
2015-06-24,4380,,
2015-06-23,4400,,
2015-06-22,4270,,
2015-06-21,4300,,
2015-06-20,4490,,
2015-06-19,4130,,
2015-06-18,4080,,
2015-06-17,4200,,
2015-06-16,4260,,
2015-06-15,4060,,
2015-06-14,4130,,
2015-06-13,4240,,
2015-06-12,3860,,
2015-06-11,3740,,
2015-06-10,3790,,
2015-06-09,3860,,
2015-06-08,3730,,
2015-06-07,3910,,
2015-06-06,3930,,
2015-06-05,3830,,
2015-06-04,3930,,
2015-06-03,3830,,
2015-06-02,3780,,
2015-06-01,3880,,
2015-05-31,3940,,
2015-05-30,3910,,
2015-05-29,3680,,
2015-05-28,3870,,
2015-05-27,3780,,
2015-05-26,4010,,
2015-05-25,4000,,
2015-05-24,3890,,
2015-05-23,4120,,
2015-05-22,4200,,
2015-05-21,4060,,
2015-05-20,4110,,
2015-05-19,3910,,
2015-05-18,3920,,
2015-05-17,4040,,
2015-05-16,4070,,
2015-05-15,4010,,
2015-05-14,4030,,
2015-05-13,4020,,
2015-05-12,4100,,
2015-05-11,4140,,
2015-05-10,3930,,
2015-05-09,3780,,
2015-05-08,3740,,
2015-05-07,3710,,
2015-05-06,3690,,
2015-05-05,3770,,
2015-05-04,3830,,
2015-05-03,3660,,
2015-05-02,3830,,
2015-05-01,3760,,
2015-04-30,3720,,
2015-04-29,3660,,
2015-04-28,3680,,
2015-04-27,3480,,
2015-04-26,3540,,
2015-04-25,3410,,
2015-04-24,3340,,
2015-04-23,3360,,
2015-04-22,3510,,
2015-04-21,3520,,
2015-04-20,3510,,
2015-04-19,3500,,
2015-04-18,3510,,
2015-04-17,3570,,
2015-04-16,3570,,
2015-04-15,3600,,
2015-04-14,3390,,
2015-04-13,3170,,
2015-04-12,3340,,
2015-04-11,3670,,
2015-04-10,3520,,
2015-04-09,3490,,
2015-04-08,3700,,
2015-04-07,3690,,
2015-04-06,3660,,
2015-04-05,3590,,
2015-04-04,3550,,
2015-04-03,3480,,
2015-04-02,3610,,
2015-04-01,3640,,
2015-03-31,3590,,
2015-03-30,3600,,
2015-03-29,3620,,
2015-03-28,3600,,
2015-03-27,3550,,
2015-03-26,3490,,
2015-03-25,3550,,
2015-03-24,3490,,
2015-03-23,3460,,
2015-03-22,3400,,
2015-03-21,3430,,
2015-03-20,3400,,
2015-03-19,3390,,
2015-03-18,3500,,
2015-03-17,3410,,
2015-03-16,3430,,
2015-03-15,3620,,
2015-03-14,3520,,
2015-03-13,3440,,
2015-03-12,3600,,
2015-03-11,3580,,
2015-03-10,3460,,
2015-03-09,3490,,
2015-03-08,3570,,
2015-03-07,3600,,
2015-03-06,3570,,
2015-03-05,3520,,
2015-03-04,3470,,
2015-03-03,3460,,
2015-03-02,3470,,
2015-03-01,3570,,
2015-02-28,3550,,
2015-02-27,3370,,
2015-02-26,3390,,
2015-02-25,3370,,
2015-02-24,3400,,
2015-02-23,3360,,
2015-02-22,3440,,
2015-02-21,3350,,
2015-02-20,3480,,
2015-02-19,3560,,
2015-02-18,3500,,
2015-02-17,3550,,
2015-02-16,3530,,
2015-02-15,3650,,
2015-02-14,3500,,
2015-02-13,3440,,
2015-02-12,3310,,
2015-02-11,3100,,
2015-02-10,3190,,
2015-02-09,3000,,
2015-02-08,3150,,
2015-02-07,3100,,
2015-02-06,3000,,
2015-02-05,2910,,
2015-02-04,2870,,
2015-02-03,2720,,
2015-02-02,2770,,
2015-02-01,2890,,
2015-01-31,2830,,
2015-01-30,2680,,
2015-01-29,2670,,
2015-01-28,2570,,
2015-01-27,2760,,
2015-01-26,2780,,
2015-01-25,2730,,
2015-01-24,2890,,
2015-01-23,2740,,
2015-01-22,2870,,
2015-01-21,2910,,
2015-01-20,2950,,
2015-01-19,2930,,
2015-01-18,2920,,
2015-01-17,3020,,
2015-01-16,2990,,
2015-01-15,3010,,
2015-01-14,2810,,
2015-01-13,2760,,
2015-01-12,2870,,
2015-01-11,2980,,
2015-01-10,3010,,
2015-01-09,2800,,
2015-01-08,2870,,
2015-01-07,2820,,
2015-01-06,2970,,
2015-01-05,3040,,
2015-01-04,3060,,
2015-01-03,3060,,
2015-01-02,3050,,
2015-01-01,3130,,
2014-12-31,2930,,
2014-12-30,2850,,
2014-12-29,2790,,
2014-12-28,2530,,
2014-12-27,2640,,
2014-12-26,2620,,
2014-12-25,2950,,
2014-12-24,3190,,
2014-12-23,2600,,
2014-12-22,2640,,
2014-12-21,2590,,
2014-12-20,2510,,
2014-12-19,2480,,
2014-12-18,2500,,
2014-12-17,2570,,
2014-12-16,2550,,
2014-12-15,2660,,
2014-12-14,2540,,
2014-12-13,2540,,
2014-12-12,2640,,
2014-12-11,2690,,
2014-12-10,2660,,
2014-12-09,2370,,
2014-12-08,2470,,
2014-12-07,2540,,
2014-12-06,2520,,
2014-12-05,2640,,
2014-12-04,2500,,
2014-12-03,2570,,
2014-12-02,2620,,
2014-12-01,2800,,
2014-11-30,2740,,
2014-11-29,2830,,
2014-11-28,2670,,
2014-11-27,2640,,
2014-11-26,2780,,
2014-11-25,2690,,
2014-11-24,2740,,
2014-11-23,2820,,
2014-11-22,2790,,
2014-11-21,2780,,
2014-11-20,2800,,
2014-11-19,2690,,
2014-11-18,3020,,
2014-11-17,2830,,
2014-11-16,2770,,
2014-11-15,2840,,
2014-11-14,2700,,
2014-11-13,2760,,
2014-11-12,2820,,
2014-11-11,2870,,
2014-11-10,2650,,
2014-11-09,2740,,
2014-11-08,2650,,
2014-11-07,2750,,
2014-11-06,2670,,
2014-11-05,2730,,
2014-11-04,3150,,
2014-11-03,3020,,
2014-11-02,2780,,
2014-11-01,2880,,
2014-10-31,2690,,
2014-10-30,2630,,
2014-10-29,2540,,
2014-10-28,2740,,
2014-10-27,2580,,
2014-10-26,2750,,
2014-10-25,2930,,
2014-10-24,2940,,
2014-10-23,3000,,
2014-10-22,2970,,
2014-10-21,3070,,
2014-10-20,2940,,
2014-10-19,2960,,
2014-10-18,3100,,
2014-10-17,3050,,
2014-10-16,2930,,
2014-10-15,2740,,
2014-10-14,2800,,
2014-10-13,2770,,
2014-10-12,2880,,
2014-10-11,2900,,
2014-10-10,2870,,
2014-10-09,2930,,
2014-10-08,2950,,
2014-10-07,2870,,
2014-10-06,2770,,
2014-10-05,2830,,
2014-10-04,3060,,
2014-10-03,3230,,
2014-10-02,3230,,
2014-10-01,2910,,
2014-09-30,2540,,
2014-09-29,2590,,
2014-09-28,2660,,
2014-09-27,2630,,
2014-09-26,2640,,
2014-09-25,2570,,
2014-09-24,2470,,
2014-09-23,2430,,
2014-09-22,2740,,
2014-09-21,2950,,
2014-09-20,2990,,
2014-09-19,2820,,
2014-09-18,3040,,
2014-09-17,3040,,
2014-09-16,3030,,
2014-09-15,3170,,
2014-09-14,3230,,
2014-09-13,3210,,
2014-09-12,3270,,
2014-09-11,3130,,
2014-09-10,3140,,
2014-09-09,3130,,
2014-09-08,3540,,
2014-09-07,3260,,
2014-09-06,3250,,
2014-09-05,3060,,
2014-09-04,3020,,
2014-09-03,3090,,
2014-09-02,3100,,
2014-09-01,3240,,
2014-08-31,2970,,
2014-08-30,3070,,
2014-08-29,2980,,
2014-08-28,2980,,
2014-08-27,3040,,
2014-08-26,2960,,
2014-08-25,2900,,
2014-08-24,2840,,
2014-08-23,2830,,
2014-08-22,2820,,
2014-08-21,2860,,
2014-08-20,2750,,
2014-08-19,2770,,
2014-08-18,2700,,
2014-08-17,2650,,
2014-08-16,2770,,
2014-08-15,2710,,
2014-08-14,2680,,
2014-08-13,2660,,
2014-08-12,2630,,
2014-08-11,2620,,
2014-08-10,2550,,
2014-08-09,2540,,
2014-08-08,2550,,
2014-08-07,2520,,
2014-08-06,2520,,
2014-08-05,2540,,
2014-08-04,2620,,
2014-08-03,2480,,
2014-08-02,2480,,
2014-08-01,2500,,
2014-07-31,2480,,
2014-07-30,2520,,
2014-07-29,2510,,
2014-07-28,2640,,
2014-07-27,2780,,
2014-07-26,2950,,
2014-07-25,3040,,
2014-07-24,3190,,
2014-07-23,2890,,
2014-07-22,2670,,
2014-07-21,2510,,
2014-07-20,2300,,
2014-07-19,2470,,
2014-07-18,2360,,
2014-07-17,2280,,
2014-07-16,2340,,
2014-07-15,2340,,
2014-07-14,2270,,
2014-07-13,2270,,
2014-07-12,2310,,
2014-07-11,2370,,
2014-07-10,2160,,
2014-07-09,2170,,
2014-07-08,2280,,
2014-07-07,2260,,
2014-07-06,2240,,
2014-07-05,2140,,
2014-07-04,2250,,
2014-07-03,2360,,
2014-07-02,2340,,
2014-07-01,2380,,
2014-06-30,2370,,
2014-06-29,2420,,
2014-06-28,2470,,
2014-06-27,2570,,
2014-06-26,2560,,
2014-06-25,2550,,
2014-06-24,2460,,
2014-06-23,2470,,
2014-06-22,2470,,
2014-06-21,2610,,
2014-06-20,2440,,
2014-06-19,2370,,
2014-06-18,2230,,
2014-06-17,2000,,
2014-06-16,2050,,
2014-06-15,2020,,
2014-06-14,2090,,
2014-06-13,2150,,
2014-06-12,2300,,
2014-06-11,2410,,
2014-06-10,2350,,
2014-06-09,2150,,
2014-06-08,2250,,
2014-06-07,2340,,
2014-06-06,2390,,
2014-06-05,2520,,
2014-06-04,2400,,
2014-06-03,2610,,
2014-06-02,2730,,
2014-06-01,2560,,
2014-05-31,2470,,
2014-05-30,2450,,
2014-05-29,2490,,
2014-05-28,2450,,
2014-05-27,2580,,
2014-05-26,2530,,
2014-05-25,2610,,
2014-05-24,2570,,
2014-05-23,2560,,
2014-05-22,2570,,
2014-05-21,2530,,
2014-05-20,2560,,
2014-05-19,2650,,
2014-05-18,2640,,
2014-05-17,2650,,
2014-05-16,2570,,
2014-05-15,2550,,
2014-05-14,2600,,
2014-05-13,2620,,
2014-05-12,2700,,
2014-05-11,2740,,
2014-05-10,2710,,
2014-05-09,2770,,
2014-05-08,2590,,
2014-05-07,2740,,
2014-05-06,2720,,
2014-05-05,2750,,
2014-05-04,2810,,
2014-05-03,2850,,
2014-05-02,2870,,
2014-05-01,2860,,
2014-04-30,2740,,
2014-04-29,2900,,
2014-04-28,2940,,
2014-04-27,2900,,
2014-04-26,3030,,
2014-04-25,2990,,
2014-04-24,2990,,
2014-04-23,2950,,
2014-04-22,3090,,
2014-04-21,3010,,
2014-04-20,3070,,
2014-04-19,3130,,
2014-04-18,2670,,
2014-04-17,2630,,
2014-04-16,2700,,
2014-04-15,2610,,
2014-04-14,2630,,
2014-04-13,2800,,
2014-04-12,2860,,
2014-04-11,2710,,
2014-04-10,2880,,
2014-04-09,2700,,
2014-04-08,2830,,
2014-04-07,2850,,
2014-04-06,2900,,
2014-04-05,2980,,
2014-04-04,3070,,
2014-04-03,3250,,
2014-04-02,3080,,
2014-04-01,3130,,
2014-03-31,2900,,
2014-03-30,2890,,
2014-03-29,3030,,
2014-03-28,3180,,
2014-03-27,3200,,
2014-03-26,3370,,
2014-03-25,3560,,
2014-03-24,3630,,
2014-03-23,3690,,
2014-03-22,3760,,
2014-03-21,3750,,
2014-03-20,3850,,
2014-03-19,3620,,
2014-03-18,3820,,
2014-03-17,3700,,
2014-03-16,3850,,
2014-03-15,3960,,
2014-03-14,4050,,
2014-03-13,4320,,
2014-03-12,4330,,
2014-03-11,4250,,
2014-03-10,3980,,
2014-03-09,3900,,
2014-03-08,3840,,
2014-03-07,3900,,
2014-03-06,3850,,
2014-03-05,3880,,
2014-03-04,3950,,
2014-03-03,3980,,
2014-03-02,4110,,
2014-03-01,4170,,
2014-02-28,3920,,
2014-02-27,3780,,
2014-02-26,3800,,
2014-02-25,3840,,
2014-02-24,4010,,
2014-02-23,4220,,
2014-02-22,4410,,
2014-02-21,4340,,
2014-02-20,4400,,
2014-02-19,4260,,
2014-02-18,4530,,
2014-02-17,4530,,
2014-02-16,4500,,
2014-02-15,4510,,
2014-02-14,4500,,
2014-02-13,4400,,
2014-02-12,4400,,
2014-02-11,4500,,
2014-02-10,4350,,
2014-02-09,4480,,
2014-02-08,4780,,
2014-02-07,5000,,
2014-02-06,5040,,
2014-02-05,5060,,
2014-02-04,5170,,
2014-02-03,5240,,
2014-02-02,5280,,
2014-02-01,5560,,
2014-01-31,5550,,
2014-01-30,5330,,
2014-01-29,5310,,
2014-01-28,5260,,
2014-01-27,5140,,
2014-01-26,5160,,
2014-01-25,5160,,
2014-01-24,5150,,
2014-01-23,5330,,
2014-01-22,5350,,
2014-01-21,5430,,
2014-01-20,5480,,
2014-01-19,5520,,
2014-01-18,5580,,
2014-01-17,5480,,
2014-01-16,5270,,
2014-01-15,6070,,
2014-01-14,6110,,
2014-01-13,6380,,
2014-01-12,6320,,
2014-01-11,6370,,
2014-01-10,6240,,
2014-01-09,6200,,
2014-01-08,5900,,
2014-01-07,5570,,
2014-01-06,5540,,
2014-01-05,5470,,
2014-01-04,5430,,
2014-01-03,5350,,
2014-01-02,5260,,
2014-01-01,5070,,
2013-12-31,4960,,
2013-12-30,5080,,
2013-12-29,5130,,
2013-12-28,5140,,
2013-12-27,4930,,
2013-12-26,4780,,
2013-12-25,4730,,
2013-12-24,4670,,
2013-12-23,4620,,
2013-12-22,4660,,
2013-12-21,4700,,
2013-12-20,4640,,
2013-12-19,4650,,
2013-12-18,4580,,
2013-12-17,4560,,
2013-12-16,4760,,
2013-12-15,4810,,
2013-12-14,5010,,
2013-12-13,4930,,
2013-12-12,4670,,
2013-12-11,4290,,
2013-12-10,4110,,
2013-12-09,3650,,
2013-12-08,3410,,
2013-12-07,3600,,
2013-12-06,3450,,
2013-12-05,3400,,
2013-12-04,3800,,
2013-12-03,3750,,
2013-12-02,3540,,
2013-12-01,3510,,
2013-11-30,3330,,
2013-11-29,3420,,
2013-11-28,3500,,
2013-11-27,3340,,
2013-11-26,3590,,
2013-11-25,3570,,
2013-11-24,3350,,
2013-11-23,3480,,
2013-11-22,3530,,
2013-11-21,3590,,
2013-11-20,3620,,
2013-11-19,3670,,
2013-11-18,3730,,
2013-11-17,3760,,
2013-11-16,3500,,
2013-11-15,3300,,
2013-11-14,3430,,
2013-11-13,3400,,
2013-11-12,3430,,
2013-11-11,3470,,
2013-11-10,3720,,
2013-11-09,3720,,
2013-11-08,3580,,
2013-11-07,3710,,
2013-11-06,3710,,
2013-11-05,3510,,
2013-11-04,3440,,
2013-11-03,3470,,
2013-11-02,3630,,
2013-11-01,3680,,
2013-10-31,3530,,
2013-10-30,3470,,
2013-10-29,3560,,
2013-10-28,3640,,
2013-10-27,3550,,
2013-10-26,3300,,
2013-10-25,3220,,
2013-10-24,3170,,
2013-10-23,3300,,
2013-10-22,3290,,
2013-10-21,3310,,
2013-10-20,3390,,
2013-10-19,3400,,
2013-10-18,3440,,
2013-10-17,3530,,
2013-10-16,3410,,
2013-10-15,3400,,
2013-10-14,3480,,
2013-10-13,3530,,
2013-10-12,3270,,
2013-10-11,3340,,
2013-10-10,3150,,
2013-10-09,3260,,
2013-10-08,3220,,
2013-10-07,3240,,
2013-10-06,3280,,
2013-10-05,3270,,
2013-10-04,3190,,
2013-10-03,3440,,
2013-10-02,3350,,
2013-10-01,3640,,
2013-09-30,3320,,
2013-09-29,3070,,
2013-09-28,3040,,
2013-09-27,3000,,
2013-09-26,3130,,
2013-09-25,3150,,
2013-09-24,3050,,
2013-09-23,2680,,
2013-09-22,2930,,
2013-09-21,2940,,
2013-09-20,3270,,
2013-09-19,3900,,
2013-09-18,3770,,
2013-09-17,3460,,
2013-09-16,3090,,
2013-09-15,3640,,
2013-09-14,3910,,
2013-09-13,3840,,
2013-09-12,3610,,
2013-09-11,3390,,
2013-09-10,2980,,
2013-09-09,3190,,
2013-09-08,3410,,
2013-09-07,3510,,
2013-09-06,3670,,
2013-09-05,3830,,
2013-09-04,3600,,
2013-09-03,3870,,
2013-09-02,3760,,
2013-09-01,4010,,
2013-08-31,3850,,
2013-08-30,4000,,
2013-08-29,4070,,
2013-08-28,4140,,
2013-08-27,4340,,
2013-08-26,4230,,
2013-08-25,4360,,
2013-08-24,4540,,
2013-08-23,4600,,
2013-08-22,4690,,
2013-08-21,4790,,
2013-08-20,4530,,
2013-08-19,4530,,
2013-08-18,4810,,
2013-08-17,4880,,
2013-08-16,5000,,
2013-08-15,5340,,
2013-08-14,5260,,
2013-08-13,5330,,
2013-08-12,5470,,
2013-08-11,5690,,
2013-08-10,5780,,
2013-08-09,5820,,
2013-08-08,5870,,
2013-08-07,5930,,
2013-08-06,6030,,
2013-08-05,5930,,
2013-08-04,6170,,
2013-08-03,6080,,
2013-08-02,6030,,
2013-08-01,5690,,
2013-07-31,5360,,
2013-07-30,5600,,
2013-07-29,4790,,
2013-07-28,5760,,
2013-07-27,5560,,
2013-07-26,4900,,
2013-07-25,5750,,
2013-07-24,6820,,
2013-07-23,7050,,
2013-07-22,7480,,
2013-07-21,7630,,
2013-07-20,7620,,
2013-07-19,7630,,
2013-07-18,7120,,
2013-07-17,7510,,
2013-07-16,7810,,
2013-07-15,7340,,
2013-07-14,6910,,
2013-07-13,6470,,
2013-07-12,6420,,
2013-07-11,6320,,
2013-07-10,6040,,
2013-07-09,6070,,
2013-07-08,6030,,
2013-07-07,6510,,
2013-07-06,6050,,
2013-07-05,4440,,
2013-07-04,3830,,
2013-07-03,3840,,
2013-07-02,3740,,
2013-07-01,3600,,
2013-06-30,3620,,
2013-06-29,3600,,
2013-06-28,3810,,
2013-06-27,3590,,
2013-06-26,3460,,
2013-06-25,3300,,
2013-06-24,3510,,
2013-06-23,3620,,
2013-06-22,3640,,
2013-06-21,3550,,
2013-06-20,3510,,
2013-06-19,3580,,
2013-06-18,3650,,
2013-06-17,3540,,
2013-06-16,3330,,
2013-06-15,3470,,
2013-06-14,3510,,
2013-06-13,3450,,
2013-06-12,3420,,
2013-06-11,3390,,
2013-06-10,3260,,
2013-06-09,3290,,
2013-06-08,3220,,
2013-06-07,3080,,
2013-06-06,3250,,
2013-06-05,3220,,
2013-06-04,2950,,
2013-06-03,2940,,
2013-06-02,2890,,
2013-06-01,2940,,
2013-05-31,2900,,
2013-05-30,2960,,
2013-05-29,2880,,
2013-05-28,2950,,
2013-05-27,3070,,
2013-05-26,3030,,
2013-05-25,2970,,
2013-05-24,2860,,
2013-05-23,2900,,
2013-05-22,2970,,
2013-05-21,2990,,
2013-05-20,2770,,
2013-05-19,2810,,
2013-05-18,2930,,
2013-05-17,3140,,
2013-05-16,3120,,
2013-05-15,3050,,
2013-05-14,3110,,
2013-05-13,3080,,
2013-05-12,2830,,
2013-05-11,2840,,
2013-05-10,2850,,
2013-05-09,2790,,
2013-05-08,2710,,
2013-05-07,2710,,
2013-05-06,2790,,
2013-05-05,2680,,
2013-05-04,2570,,
2013-05-03,2430,,
2013-05-02,2410,,
2013-05-01,2400,,
2013-04-30,2410,,
2013-04-29,2410,,
2013-04-28,2490,,
2013-04-27,2440,,
2013-04-26,2360,,
2013-04-25,2340,,
2013-04-24,2290,,
2013-04-23,2230,,
2013-04-22,2370,,
2013-04-21,2430,,
2013-04-20,2390,,
2013-04-19,2460,,
2013-04-18,2370,,
2013-04-17,2400,,
2013-04-16,2360,,
2013-04-15,2240,,
2013-04-14,2540,,
2013-04-13,2310,,
2013-04-12,2270,,
2013-04-11,2270,,
2013-04-10,2170,,
2013-04-09,2280,,
2013-04-08,2160,,
2013-04-07,2250,,
2013-04-06,2380,,
2013-04-05,2260,,
2013-04-04,2140,,
2013-04-03,2180,,
2013-04-02,2140,,
2013-04-01,2080,,
2013-03-31,2180,,
2013-03-30,2060,,
2013-03-29,1920,,
2013-03-28,1870,,
2013-03-27,1860,,
2013-03-26,1940,,
2013-03-25,2020,,
2013-03-24,2070,,
2013-03-23,2280,,
2013-03-22,2230,,
2013-03-21,2190,,
2013-03-20,2170,,
2013-03-19,2190,,
2013-03-18,2120,,
2013-03-17,2140,,
2013-03-16,2090,,
2013-03-15,2030,,
2013-03-14,2040,,
2013-03-13,2020,,
2013-03-12,2080,,
2013-03-11,2010,,
2013-03-10,1960,,
2013-03-09,1920,,
2013-03-08,1930,,
2013-03-07,2100,,
2013-03-06,2170,,
2013-03-05,1990,,
2013-03-04,1910,,
2013-03-03,2120,,
2013-03-02,2100,,
2013-03-01,1840,,
2013-02-28,1830,,
2013-02-27,1860,,
2013-02-26,1770,,
2013-02-25,1700,,
2013-02-24,1780,,
2013-02-23,1810,,
2013-02-22,1910,,
2013-02-21,1870,,
2013-02-20,1940,,
2013-02-19,2030,,
2013-02-18,2030,,
2013-02-17,2100,,
2013-02-16,2110,,
2013-02-15,2050,,
2013-02-14,2080,,
2013-02-13,2010,,
2013-02-12,1930,,
2013-02-11,2000,,
2013-02-10,2180,,
2013-02-09,1990,,
2013-02-08,2110,,
2013-02-07,1910,,
2013-02-06,1700,,
2013-02-05,1690,,
2013-02-04,1580,,
2013-02-03,1610,,
2013-02-02,1600,,
2013-02-01,1390,,
2013-01-31,1310,,
2013-01-30,1240,,
2013-01-29,1260,,
2013-01-28,1340,,
2013-01-27,1390,,
2013-01-26,1400,,
2013-01-25,1450,,
2013-01-24,1480,,
2013-01-23,1490,,
2013-01-22,1470,,
2013-01-21,1510,,
2013-01-20,1680,,
2013-01-19,1710,,
2013-01-18,1670,,
2013-01-17,1680,,
2013-01-16,1600,,
2013-01-15,1670,,
2013-01-14,1680,,
2013-01-13,1670,,
2013-01-12,1690,,
2013-01-11,1690,,
2013-01-10,1760,,
2013-01-09,1840,,
2013-01-08,1800,,
2013-01-07,1840,,
2013-01-06,1790,,
2013-01-05,1790,,
2013-01-04,1840,,
2013-01-03,1810,,
2013-01-02,1830,,
2013-01-01,1810,,
2012-12-31,1770,,
2012-12-30,1830,,
2012-12-29,1930,,
2012-12-28,1920,,
2012-12-27,1870,,
2012-12-26,1810,,
2012-12-25,1860,,
2012-12-24,1820,,
2012-12-23,1850,,
2012-12-22,1910,,
2012-12-21,1970,,
2012-12-20,1900,,
2012-12-19,1890,,
2012-12-18,1890,,
2012-12-17,1850,,
2012-12-16,1850,,
2012-12-15,1870,,
2012-12-14,1860,,
2012-12-13,1950,,
2012-12-12,1840,,
2012-12-11,1820,,
2012-12-10,1740,,
2012-12-09,1870,,
2012-12-08,1890,,
2012-12-07,1820,,
2012-12-06,1660,,
2012-12-05,1520,,
2012-12-04,1560,,
2012-12-03,1580,,
2012-12-02,1600,,
2012-12-01,1560,,
2012-11-30,1530,,
2012-11-29,1510,,
2012-11-28,1590,,
2012-11-27,1660,,
2012-11-26,1620,,
2012-11-25,1620,,
2012-11-24,1660,,
2012-11-23,1670,,
2012-11-22,1710,,
2012-11-21,1730,,
2012-11-20,1810,,
2012-11-19,1790,,
2012-11-18,1740,,
2012-11-17,1710,,
2012-11-16,1740,,
2012-11-15,1740,,
2012-11-14,1740,,
2012-11-13,1790,,
2012-11-12,1750,,
2012-11-11,1810,,
2012-11-10,1800,,
2012-11-09,1780,,
2012-11-08,1780,,
2012-11-07,1800,,
2012-11-06,1670,,
2012-11-05,1650,,
2012-11-04,1720,,
2012-11-03,1820,,
2012-11-02,1750,,
2012-11-01,1690,,
2012-10-31,1620,,
2012-10-30,1660,,
2012-10-29,1740,,
2012-10-28,1830,,
2012-10-27,1760,,
2012-10-26,1890,,
2012-10-25,1830,,
2012-10-24,1960,,
2012-10-23,1960,,
2012-10-22,1940,,
2012-10-21,1920,,
2012-10-20,1860,,
2012-10-19,1790,,
2012-10-18,1710,,
2012-10-17,1790,,
2012-10-16,1850,,
2012-10-15,1770,,
2012-10-14,1840,,
2012-10-13,1880,,
2012-10-12,1810,,
2012-10-11,1820,,
2012-10-10,1770,,
2012-10-09,1780,,
2012-10-08,1910,,
2012-10-07,2020,,
2012-10-06,2060,,
2012-10-05,1950,,
2012-10-04,1890,,
2012-10-03,2050,,
2012-10-02,2190,,
2012-10-01,2210,,
2012-09-30,2000,,
2012-09-29,1980,,
2012-09-28,2030,,
2012-09-27,2100,,
2012-09-26,2000,,
2012-09-25,1760,,
2012-09-24,1820,,
2012-09-23,1930,,
2012-09-22,1930,,
2012-09-21,2040,,
2012-09-20,2290,,
2012-09-19,2370,,
2012-09-18,2030,,
2012-09-17,2030,,
2012-09-16,2000,,
2012-09-15,1980,,
2012-09-14,1960,,
2012-09-13,1920,,
2012-09-12,1960,,
2012-09-11,2060,,
2012-09-10,1950,,
2012-09-09,2070,,
2012-09-08,2230,,
2012-09-07,2270,,
2012-09-06,2360,,
2012-09-05,2230,,
2012-09-04,2360,,
2012-09-03,2440,,
2012-09-02,2540,,
2012-09-01,2590,,
2012-08-31,2510,,
2012-08-30,2560,,
2012-08-29,2620,,
2012-08-28,2590,,
2012-08-27,2480,,
2012-08-26,2540,,
2012-08-25,2710,,
2012-08-24,2490,,
2012-08-23,2470,,
2012-08-22,2460,,
2012-08-21,2390,,
2012-08-20,2280,,
2012-08-19,2580,,
2012-08-18,2720,,
2012-08-17,2700,,
2012-08-16,2640,,
2012-08-15,2810,,
2012-08-14,2740,,
2012-08-13,2680,,
2012-08-12,2660,,
2012-08-11,2700,,
2012-08-10,2670,,
2012-08-09,2740,,
2012-08-08,2640,,
2012-08-07,2620,,
2012-08-06,2620,,
2012-08-05,2630,,
2012-08-04,2810,,
2012-08-03,2970,,
2012-08-02,3030,,
2012-08-01,2820,,
2012-07-31,2620,,
2012-07-30,2570,,
2012-07-29,2570,,
2012-07-28,2800,,
2012-07-27,2990,,
2012-07-26,3000,,
2012-07-25,2960,,
2012-07-24,3080,,
2012-07-23,2810,,
2012-07-22,2960,,
2012-07-21,3180,,
2012-07-20,3110,,
2012-07-19,3000,,
2012-07-18,3100,,
2012-07-17,3260,,
2012-07-16,3190,,
2012-07-15,3500,,
2012-07-14,3300,,
2012-07-13,3570,,
2012-07-12,3310,,
2012-07-11,2990,,
2012-07-10,3050,,
2012-07-09,3140,,
2012-07-08,3220,,
2012-07-07,3630,,
2012-07-06,3770,,
2012-07-05,3330,,
2012-07-04,2810,,
2012-07-03,2800,,
2012-07-02,2790,,
2012-07-01,3160,,
2012-06-30,2650,,
2012-06-29,2450,,
2012-06-28,2410,,
2012-06-27,2470,,
2012-06-26,2640,,
2012-06-25,2550,,
2012-06-24,2500,,
2012-06-23,2650,,
2012-06-22,2670,,
2012-06-21,2520,,
2012-06-20,2650,,
2012-06-19,2500,,
2012-06-18,2650,,
2012-06-17,2670,,
2012-06-16,2700,,
2012-06-15,2690,,
2012-06-14,2600,,
2012-06-13,2540,,
2012-06-12,2660,,
2012-06-11,2830,,
2012-06-10,2980,,
2012-06-09,3060,,
2012-06-08,2970,,
2012-06-07,3090,,
2012-06-06,3100,,
2012-06-05,3160,,
2012-06-04,3100,,
2012-06-03,3510,,
2012-06-02,3500,,
2012-06-01,3270,,
2012-05-31,3280,,
2012-05-30,3230,,
2012-05-29,3140,,
2012-05-28,3350,,
2012-05-27,3420,,
2012-05-26,3810,,
2012-05-25,3690,,
2012-05-24,3480,,
2012-05-23,3450,,
2012-05-22,3540,,
2012-05-21,3750,,
2012-05-20,3890,,
2012-05-19,3880,,
2012-05-18,3800,,
2012-05-17,4120,,
2012-05-16,4010,,
2012-05-15,4040,,
2012-05-14,3800,,
2012-05-13,4140,,
2012-05-12,4150,,
2012-05-11,3960,,
2012-05-10,3910,,
2012-05-09,4010,,
2012-05-08,4030,,
2012-05-07,4280,,
2012-05-06,4500,,
2012-05-05,4650,,
2012-05-04,5090,,
2012-05-03,4620,,
2012-05-02,4410,,
2012-05-01,4320,,
2012-04-30,4020,,
2012-04-29,4260,,
2012-04-28,4650,,
2012-04-27,4430,,
2012-04-26,3950,,
2012-04-25,3730,,
2012-04-24,3960,,
2012-04-23,4010,,
2012-04-22,3980,,
2012-04-21,4120,,
2012-04-20,4360,,
2012-04-19,4090,,
2012-04-18,4040,,
2012-04-17,3940,,
2012-04-16,4020,,
2012-04-15,4110,,
2012-04-14,4220,,
2012-04-13,4090,,
2012-04-12,4260,,
2012-04-11,4490,,
2012-04-10,4230,,
2012-04-09,4020,,
2012-04-08,4120,,
2012-04-07,4760,,
2012-04-06,4800,,
2012-04-05,4280,,
2012-04-04,4410,,
2012-04-03,4740,,
2012-04-02,4370,,
2012-04-01,4480,,
2012-03-31,4010,,
2012-03-30,3990,,
2012-03-29,3970,,
2012-03-28,4030,,
2012-03-27,4360,,
2012-03-26,4280,,
2012-03-25,4380,,
2012-03-24,4560,,
2012-03-23,4540,,
2012-03-22,4440,,
2012-03-21,4720,,
2012-03-20,4470,,
2012-03-19,4450,,
2012-03-18,4850,,
2012-03-17,4900,,
2012-03-16,4840,,
2012-03-15,4890,,
2012-03-14,5030,,
2012-03-13,5330,,
2012-03-12,5840,,
2012-03-11,6740,,
2012-03-10,6030,,
2012-03-09,5960,,
2012-03-08,5950,,
2012-03-07,6250,,
2012-03-06,6460,,
2012-03-05,5890,,
2012-03-04,6630,,
2012-03-03,6840,,
2012-03-02,6980,,
2012-03-01,6920,,
2012-02-29,6930,,
2012-02-28,6660,,
2012-02-27,6660,,
2012-02-26,6870,,
2012-02-25,7260,,
2012-02-24,7030,,
2012-02-23,7190,,
2012-02-22,6820,,
2012-02-21,6730,,
2012-02-20,6780,,
2012-02-19,6690,,
2012-02-18,7290,,
2012-02-17,7330,,
2012-02-16,7250,,
2012-02-15,7570,,
2012-02-14,7610,,
2012-02-13,7370,,
2012-02-12,7750,,
2012-02-11,8130,,
2012-02-10,7940,,
2012-02-09,7890,,
2012-02-08,8310,,
2012-02-07,8300,,
2012-02-06,7880,,
2012-02-05,8090,,
2012-02-04,8160,,
2012-02-03,8460,,
2012-02-02,8590,,
2012-02-01,8260,,
2012-01-31,8460,,
2012-01-30,9040,,
2012-01-29,9360,,
2012-01-28,9770,,
2012-01-27,9970,,
2012-01-26,9490,,
2012-01-25,9520,,
2012-01-24,8980,,
2012-01-23,8670,,
2012-01-22,8810,,
2012-01-21,8390,,
2012-01-20,7770,,
2012-01-19,7880,,
2012-01-18,7660,,
2012-01-17,7390,,
2012-01-16,7560,,
2012-01-15,7220,,
2012-01-14,7220,,
2012-01-13,7450,,
2012-01-12,7170,,
2012-01-11,7300,,
2012-01-10,6920,,
2012-01-09,7210,,
2012-01-08,7320,,
2012-01-07,7340,,
2012-01-06,7170,,
2012-01-05,7080,,
2012-01-04,7280,,
2012-01-03,7420,,
2012-01-02,7410,,
2012-01-01,7400,,
2011-12-31,6750,,
2011-12-30,6840,,
2011-12-29,6890,,
2011-12-28,6630,,
2011-12-27,6460,,
2011-12-26,6630,,
2011-12-25,6520,,
2011-12-24,6820,,
2011-12-23,6680,,
2011-12-22,6980,,
2011-12-21,7070,,
2011-12-20,7260,,
2011-12-19,7340,,
2011-12-18,7340,,
2011-12-17,7400,,
2011-12-16,6820,,
2011-12-15,6910,,
2011-12-14,6710,,
2011-12-13,6320,,
2011-12-12,6290,,
2011-12-11,6910,,
2011-12-10,6970,,
2011-12-09,7100,,
2011-12-08,7470,,
2011-12-07,7060,,
2011-12-06,7120,,
2011-12-05,7130,,
2011-12-04,7390,,
2011-12-03,7660,,
2011-12-02,7700,,
2011-12-01,7170,,
2011-11-30,6780,,
2011-11-29,6410,,
2011-11-28,5980,,
2011-11-27,5750,,
2011-11-26,5720,,
2011-11-25,5650,,
2011-11-24,5890,,
2011-11-23,5800,,
2011-11-22,5880,,
2011-11-21,6160,,
2011-11-20,6430,,
2011-11-19,6560,,
2011-11-18,6880,,
2011-11-17,6810,,
2011-11-16,6950,,
2011-11-15,6920,,
2011-11-14,6750,,
2011-11-13,6450,,
2011-11-12,6520,,
2011-11-11,6740,,
2011-11-10,6810,,
2011-11-09,6300,,
2011-11-08,6200,,
2011-11-07,6420,,
2011-11-06,6940,,
2011-11-05,7210,,
2011-11-04,6920,,
2011-11-03,7220,,
2011-11-02,7090,,
2011-11-01,6680,,
2011-10-31,6200,,
2011-10-30,6360,,
2011-10-29,6300,,
2011-10-28,6440,,
2011-10-27,6610,,
2011-10-26,6490,,
2011-10-25,6630,,
2011-10-24,6950,,
2011-10-23,6770,,
2011-10-22,7240,,
2011-10-21,7440,,
2011-10-20,7320,,
2011-10-19,7490,,
2011-10-18,7550,,
2011-10-17,7270,,
2011-10-16,7830,,
2011-10-15,8090,,
2011-10-14,7870,,
2011-10-13,7330,,
2011-10-12,7570,,
2011-10-11,7330,,
2011-10-10,7470,,
2011-10-09,7730,,
2011-10-08,8590,,
2011-10-07,8220,,
2011-10-06,8580,,
2011-10-05,8460,,
2011-10-04,8690,,
2011-10-03,9140,,
2011-10-02,9810,,
2011-10-01,10220,,
2011-09-30,9910,,
2011-09-29,9850,,
2011-09-28,9870,,
2011-09-27,9330,,
2011-09-26,9480,,
2011-09-25,9970,,
2011-09-24,10500,,
2011-09-23,10230,,
2011-09-22,10140,,
2011-09-21,10370,,
2011-09-20,10070,,
2011-09-19,10090,,
2011-09-18,11060,,
2011-09-17,11410,,
2011-09-16,11250,,
2011-09-15,11640,,
2011-09-14,11570,,
2011-09-13,11230,,
2011-09-12,11060,,
2011-09-11,11110,,
2011-09-10,11090,,
2011-09-09,10850,,
2011-09-08,10490,,
2011-09-07,10730,,
2011-09-06,10510,,
2011-09-05,10800,,
2011-09-04,11160,,
2011-09-03,11090,,
2011-09-02,10620,,
2011-09-01,10600,,
2011-08-31,10300,,
2011-08-30,10600,,
2011-08-29,10770,,
2011-08-28,11110,,
2011-08-27,11140,,
2011-08-26,11260,,
2011-08-25,11070,,
2011-08-24,10740,,
2011-08-23,10790,,
2011-08-22,10900,,
2011-08-21,11100,,
2011-08-20,11430,,
2011-08-19,11570,,
2011-08-18,10820,,
2011-08-17,10990,,
2011-08-16,11030,,
2011-08-15,10950,,
2011-08-14,11540,,
2011-08-13,11770,,
2011-08-12,12150,,
2011-08-11,12020,,
2011-08-10,11990,,
2011-08-09,11730,,
2011-08-08,12210,,
2011-08-07,12360,,
2011-08-06,12860,,
2011-08-05,13550,,
2011-08-04,13440,,
2011-08-03,13040,,
2011-08-02,13310,,
2011-08-01,13400,,
2011-07-31,12470,,
2011-07-30,13440,,
2011-07-29,13640,,
2011-07-28,13790,,
2011-07-27,13870,,
2011-07-26,13430,,
2011-07-25,13690,,
2011-07-24,14100,,
2011-07-23,14370,,
2011-07-22,15400,,
2011-07-21,15800,,
2011-07-20,15270,,
2011-07-19,15930,,
2011-07-18,15860,,
2011-07-17,15720,,
2011-07-16,16230,,
2011-07-15,16330,,
2011-07-14,15840,,
2011-07-13,16710,,
2011-07-12,15800,,
2011-07-11,15630,,
2011-07-10,16820,,
2011-07-09,17140,,
2011-07-08,17210,,
2011-07-07,15690,,
2011-07-06,14450,,
2011-07-05,13680,,
2011-07-04,15170,,
2011-07-03,15260,,
2011-07-02,15030,,
2011-07-01,14890,,
2011-06-30,13380,,
2011-06-29,12450,,
2011-06-28,12660,,
2011-06-27,12550,,
2011-06-26,13560,,
2011-06-25,13680,,
2011-06-24,13670,,
2011-06-23,13430,,
2011-06-22,12760,,
2011-06-21,12800,,
2011-06-20,13820,,
2011-06-19,15050,,
2011-06-18,15020,,
2011-06-17,14820,,
2011-06-16,14490,,
2011-06-15,14230,,
2011-06-14,13560,,
2011-06-13,14230,,
2011-06-12,14640,,
2011-06-11,15250,,
2011-06-10,14450,,
2011-06-09,14330,,
2011-06-08,14140,,
2011-06-07,13850,,
2011-06-06,15100,,
2011-06-05,14980,,
2011-06-04,14630,,
2011-06-03,14620,,
2011-06-02,14020,,
2011-06-01,14510,,
2011-05-31,13010,,
2011-05-30,12980,,
2011-05-29,13920,,
2011-05-28,13950,,
2011-05-27,13370,,
2011-05-26,12970,,
2011-05-25,12490,,
2011-05-24,12690,,
2011-05-23,12800,,
2011-05-22,13130,,
2011-05-21,12660,,
2011-05-20,12150,,
2011-05-19,11340,,
2011-05-18,12160,,
2011-05-17,12310,,
2011-05-16,12760,,
2011-05-15,12980,,
2011-05-14,13190,,
2011-05-13,12710,,
2011-05-12,12570,,
2011-05-11,12870,,
2011-05-10,12960,,
2011-05-09,12610,,
2011-05-08,12300,,
2011-05-07,13040,,
2011-05-06,12450,,
2011-05-05,12880,,
2011-05-04,12040,,
2011-05-03,12940,,
2011-05-02,12330,,
2011-05-01,12030,,
2011-04-30,11620,,
2011-04-29,12310,,
2011-04-28,11180,,
2011-04-27,10490,,
2011-04-26,11440,,
2011-04-25,10530,,
2011-04-24,12010,,
2011-04-23,13060,,
2011-04-22,12920,,
2011-04-21,13700,,
2011-04-20,12700,,
2011-04-19,12760,,
2011-04-18,13390,,
2011-04-17,12940,,
2011-04-16,13420,,
2011-04-15,13290,,
2011-04-14,12660,,
2011-04-13,12500,,
2011-04-12,12540,,
2011-04-11,12400,,
2011-04-10,13080,,
2011-04-09,13250,,
2011-04-08,12440,,
2011-04-07,12300,,
2011-04-06,12440,,
2011-04-05,12750,,
2011-04-04,11690,,
2011-04-03,13880,,
2011-04-02,14750,,
2011-04-01,12490,,
2011-03-31,10180,,
2011-03-30,9450,,
2011-03-29,9770,,
2011-03-28,10350,,
2011-03-27,10500,,
2011-03-26,9990,,
2011-03-25,10110,,
2011-03-24,9890,,
2011-03-23,10070,,
2011-03-22,10320,,
2011-03-21,10570,,
2011-03-20,11170,,
2011-03-19,11000,,
2011-03-18,10930,,
2011-03-17,10720,,
2011-03-16,10800,,
2011-03-15,10380,,
2011-03-14,10770,,
2011-03-13,11170,,
2011-03-12,11640,,
2011-03-11,10600,,
2011-03-10,10200,,
2011-03-09,10060,,
2011-03-08,10220,,
2011-03-07,11050,,
2011-03-06,11130,,
2011-03-05,11500,,
2011-03-04,11700,,
2011-03-03,11900,,
2011-03-02,12080,,
2011-03-01,12000,,
2011-02-28,11150,,
2011-02-27,10950,,
2011-02-26,11640,,
2011-02-25,12490,,
2011-02-24,13180,,
2011-02-23,13060,,
2011-02-22,13340,,
2011-02-21,13290,,
2011-02-20,13590,,
2011-02-19,13860,,
2011-02-18,14220,,
2011-02-17,13980,,
2011-02-16,13720,,
2011-02-15,13860,,
2011-02-14,14700,,
2011-02-13,14810,,
2011-02-12,15440,,
2011-02-11,15800,,
2011-02-10,15790,,
2011-02-09,15430,,
2011-02-08,15550,,
2011-02-07,15380,,
2011-02-06,15420,,
2011-02-05,15780,,
2011-02-04,16080,,
2011-02-03,16290,,
2011-02-02,16860,,
2011-02-01,16750,,
2011-01-31,15510,,
2011-01-30,15410,,
2011-01-29,15720,,
2011-01-28,16170,,
2011-01-27,15920,,
2011-01-26,15660,,
2011-01-25,15650,,
2011-01-24,15230,,
2011-01-23,15820,,
2011-01-22,16440,,
2011-01-21,16860,,
2011-01-20,16580,,
2011-01-19,16980,,
2011-01-18,16850,,
2011-01-17,16850,,
2011-01-16,16890,,
2011-01-15,17020,,
2011-01-14,16130,,
2011-01-13,18450,,
2011-01-12,17790,,
2011-01-11,17960,,
2011-01-10,17250,,
2011-01-09,17900,,
2011-01-08,18360,,
2011-01-07,18920,,
2011-01-06,20100,,
2011-01-05,19980,,
2011-01-04,19970,,
2011-01-03,19910,,
2011-01-02,20300,,
2011-01-01,20140,,
2010-12-31,19770,,
2010-12-30,20040,,
2010-12-29,19700,,
2010-12-28,19710,,
2010-12-27,19940,,
2010-12-26,19530,,
2010-12-25,19750,,
2010-12-24,20690,,
2010-12-23,19890,,
2010-12-22,19150,,
2010-12-21,20120,,
2010-12-20,19560,,
2010-12-19,20250,,
2010-12-18,20980,,
2010-12-17,21290,,??
2010-12-16,19600,,
2010-12-15,17470,,
2010-12-14,16670,,
2010-12-13,16150,,
2010-12-12,16500,,
2010-12-11,16400,,
2010-12-10,16670,,
2010-12-09,16300,,
2010-12-08,15870,,
2010-12-07,15880,,
2010-12-06,15580,,
2010-12-05,16520,,
2010-12-04,16580,,
2010-12-03,16790,,
2010-12-02,17240,,
2010-12-01,16000,,
2010-11-30,14840,,
2010-11-29,15080,,
2010-11-28,15790,,
2010-11-27,16660,,
2010-11-26,16680,,
2010-11-25,16030,,
2010-11-24,16610,,
2010-11-23,16430,,
2010-11-22,17040,,
2010-11-21,17680,,
2010-11-20,18050,,
2010-11-19,17990,,
2010-11-18,17950,,
2010-11-17,17400,,
2010-11-16,16500,,
2010-11-15,16720,,
2010-11-14,18640,,
2010-11-13,18420,,
2010-11-12,17810,,
2010-11-11,18040,,
2010-11-10,17740,,
2010-11-09,18170,,
2010-11-08,18950,,
2010-11-07,19370,,
2010-11-06,19770,,
2010-11-05,20120,,
2010-11-04,20280,,
2010-11-03,19440,,
2010-11-02,19370,,
2010-11-01,20080,,
2010-10-31,18710,,
2010-10-30,18680,,
2010-10-29,18680,,
2010-10-28,18730,,
2010-10-27,18450,,
2010-10-26,18950,,
2010-10-25,19910,,
2010-10-24,19980,,
2010-10-23,20590,,
2010-10-22,19890,,
2010-10-21,20200,,
2010-10-20,19590,,
2010-10-19,20620,,
2010-10-18,21580,,
2010-10-17,23280,,
2010-10-16,22610,,
2010-10-15,23000,,
2010-10-14,22060,,
2010-10-13,22080,,
2010-10-12,22690,,
2010-10-11,22570,,
2010-10-10,22480,,
2010-10-09,23440,,
2010-10-08,23000,,
2010-10-07,22650,,
2010-10-06,22350,,
2010-10-05,22660,,
2010-10-04,23560,,
2010-10-03,25650,,
2010-10-02,24860,,
2010-10-01,24200,,
2010-09-30,24050,,
2010-09-29,24680,,
2010-09-28,25380,,
2010-09-27,25400,,
2010-09-26,27050,,
2010-09-25,27520,,
2010-09-24,28070,,
2010-09-23,28070,,
2010-09-22,28640,,
2010-09-21,28200,,
2010-09-20,28160,,
2010-09-19,28280,,
2010-09-18,27760,,
2010-09-17,26860,,
2010-09-16,26240,,
2010-09-15,25900,,
2010-09-14,25920,,
2010-09-13,27010,,
2010-09-12,28100,,
2010-09-11,28670,,
2010-09-10,27230,,
2010-09-09,27100,,
2010-09-08,26680,,
2010-09-07,27350,,
2010-09-06,28020,,
2010-09-05,28400,,
2010-09-04,28380,,
2010-09-03,28370,,
2010-09-02,28420,,
2010-09-01,28350,,
2010-08-31,26510,,
2010-08-30,26930,,
2010-08-29,27370,,
2010-08-28,27070,,
2010-08-27,27350,,
2010-08-26,27160,,
2010-08-25,27710,,
2010-08-24,28210,,
2010-08-23,29900,,
2010-08-22,29360,,
2010-08-21,30240,,
2010-08-20,31320,,
2010-08-19,30370,,
2010-08-18,30480,,
2010-08-17,31160,,
2010-08-16,32210,,
2010-08-15,32530,,
2010-08-14,33280,,
2010-08-13,34140,,
2010-08-12,35550,,
2010-08-11,35660,,
2010-08-10,35260,,
2010-08-09,35120,,
2010-08-08,36240,,
2010-08-07,36200,,
2010-08-06,37380,,
2010-08-05,36520,,
2010-08-04,35920,,
2010-08-03,37620,,
2010-08-02,35990,,
2010-08-01,34400,,
2010-07-31,34650,,
2010-07-30,35610,,
2010-07-29,35160,,
2010-07-28,37130,,
2010-07-27,36060,,
2010-07-26,36140,,
2010-07-25,37110,,
2010-07-24,38090,,
2010-07-23,38140,,
2010-07-22,36870,,
2010-07-21,36140,,
2010-07-20,35230,,
2010-07-19,35960,,
2010-07-18,35760,,
2010-07-17,38560,,
2010-07-16,38150,,
2010-07-15,36290,,
2010-07-14,33600,,
2010-07-13,33300,,
2010-07-12,32910,,
2010-07-11,32660,,
2010-07-10,30600,,
2010-07-09,29370,,
2010-07-08,27300,,
2010-07-07,25370,,
2010-07-06,26080,,
2010-07-05,26490,,
2010-07-04,26530,,
2010-07-03,28140,,
2010-07-02,28720,,
2010-07-01,27590,,
2010-06-30,25530,,
2010-06-29,24720,,
2010-06-28,24380,,
2010-06-27,25660,,
2010-06-26,26770,,
2010-06-25,25960,,
2010-06-24,26170,,
2010-06-23,24860,,
2010-06-22,25560,,
2010-06-21,25200,,
2010-06-20,25910,,
2010-06-19,26350,,
2010-06-18,25630,,
2010-06-17,26550,,
2010-06-16,25850,,
2010-06-15,25090,,
2010-06-14,23740,,
2010-06-13,26530,,
2010-06-12,26210,,
2010-06-11,24580,,
2010-06-10,24420,,
2010-06-09,25310,,
2010-06-08,24860,,
2010-06-07,24680,,
2010-06-06,24920,,
2010-06-05,24600,,
2010-06-04,24230,,
2010-06-03,24660,,
2010-06-02,24040,,
2010-06-01,24360,,
2010-05-31,21890,,
2010-05-30,23000,,
2010-05-29,22350,,
2010-05-28,22170,,
2010-05-27,21970,,
2010-05-26,22390,,
2010-05-25,22620,,
2010-05-24,22840,,
2010-05-23,23100,,
2010-05-22,23860,,
2010-05-21,24460,,
2010-05-20,23580,,
2010-05-19,23710,,
2010-05-18,23730,,
2010-05-17,23850,,
2010-05-16,23320,,
2010-05-15,24770,,
2010-05-14,23250,,
2010-05-13,23160,,
2010-05-12,22710,,
2010-05-11,22510,,
2010-05-10,23460,,
2010-05-09,23250,,
2010-05-08,22730,,
2010-05-07,22390,,
2010-05-06,22140,,
2010-05-05,23140,,
2010-05-04,24750,,
2010-05-03,24030,,
2010-05-02,25570,,
2010-05-01,24870,,
2010-04-30,23370,,
2010-04-29,23470,,
2010-04-28,22400,,
2010-04-27,21230,,
2010-04-26,21100,,
2010-04-25,22390,,
2010-04-24,22370,,
2010-04-23,21840,,
2010-04-22,21860,,
2010-04-21,21150,,
2010-04-20,21020,,
2010-04-19,20650,,
2010-04-18,22440,,
2010-04-17,21660,,
2010-04-16,21820,,
2010-04-15,21510,,
2010-04-14,22590,,
2010-04-13,22880,,
2010-04-12,22130,,
2010-04-11,22840,,
2010-04-10,22580,,
2010-04-09,21970,,
2010-04-08,22800,,
2010-04-07,21790,,
2010-04-06,21610,,
2010-04-05,21810,,
2010-04-04,22060,,
2010-04-03,22240,,
2010-04-02,21660,,
2010-04-01,21560,,
2010-03-31,21800,,
2010-03-30,22160,,
2010-03-29,22350,,
2010-03-28,22000,,
2010-03-27,23110,,
2010-03-26,21970,,
2010-03-25,21700,,
2010-03-24,22050,,
2010-03-23,22480,,
2010-03-22,22710,,
2010-03-21,23460,,
2010-03-20,23890,,
2010-03-19,23650,,
2010-03-18,22750,,
2010-03-17,23090,,
2010-03-16,23920,,
2010-03-15,24530,,
2010-03-14,24180,,
2010-03-13,23230,,
2010-03-12,22670,,
2010-03-11,22980,,
2010-03-10,21460,,
2010-03-09,21390,,
2010-03-08,21770,,
2010-03-07,21920,,
2010-03-06,22770,,
2010-03-05,22980,,
2010-03-04,23180,,
2010-03-03,23820,,
2010-03-02,24500,,
2010-03-01,25160,,
2010-02-28,24960,,
2010-02-27,26110,,
2010-02-26,25430,,
2010-02-25,24500,,
2010-02-24,24420,,
2010-02-23,24700,,
2010-02-22,24440,,
2010-02-21,24680,,
2010-02-20,24580,,
2010-02-19,25250,,
2010-02-18,24640,,
2010-02-17,25140,,
2010-02-16,25720,,
2010-02-15,25480,,
2010-02-14,26840,,
2010-02-13,26520,,
2010-02-12,27420,,
2010-02-11,26160,,
2010-02-10,25600,,
2010-02-09,24980,,
2010-02-08,24010,,
2010-02-07,23980,,
2010-02-06,25300,,
2010-02-05,24620,,
2010-02-04,24190,,
2010-02-03,24590,,
2010-02-02,23970,,
2010-02-01,23300,,
2010-01-31,23730,,
2010-01-30,23890,,
2010-01-29,23840,,
2010-01-28,23320,,
2010-01-27,24620,,
2010-01-26,23350,,
2010-01-25,24270,,
2010-01-24,23660,,
2010-01-23,24830,,
2010-01-22,24320,,
2010-01-21,25170,,
2010-01-20,24910,,
2010-01-19,23270,,
2010-01-18,23620,,
2010-01-17,24100,,
2010-01-16,23300,,
2010-01-15,22360,,
2010-01-14,22080,,
2010-01-13,21820,,
2010-01-12,22370,,
2010-01-11,22320,,
2010-01-10,22430,,
2010-01-09,21610,,
2010-01-08,22120,,
2010-01-07,21640,,
2010-01-06,21090,,
2010-01-05,21110,,
2010-01-04,22180,,
2010-01-03,22170,,
2010-01-02,22330,,
2010-01-01,21770,,
2009-12-31,21300,,
2009-12-30,21160,,
2009-12-29,21630,,
2009-12-28,21860,,
2009-12-27,21230,,
2009-12-26,21500,,
2009-12-25,21450,,
2009-12-24,21940,,
2009-12-23,21520,,
2009-12-22,21320,,
2009-12-21,22180,,
2009-12-20,23450,,
2009-12-19,23450,,
2009-12-18,21860,,
2009-12-17,23010,,
2009-12-16,22350,,
2009-12-15,22410,,
2009-12-14,21380,,
2009-12-13,21570,,
2009-12-12,22420,,
2009-12-11,22190,,
2009-12-10,21330,,
2009-12-09,20280,,
2009-12-08,19270,,
2009-12-07,19290,,
2009-12-06,20160,,
2009-12-05,19960,,
2009-12-04,19840,,
2009-12-03,18650,,
2009-12-02,18600,,
2009-12-01,18430,,
2009-11-30,17970,,
2009-11-29,18210,,
2009-11-28,17790,,
2009-11-27,17620,,
2009-11-26,17210,,
2009-11-25,17940,,
2009-11-24,18130,,
2009-11-23,17500,,
2009-11-22,18040,,
2009-11-21,17890,,
2009-11-20,18170,,
2009-11-19,17800,,
2009-11-18,17840,,
2009-11-17,17700,,
2009-11-16,17860,,
2009-11-15,18020,,
2009-11-14,18380,,
2009-11-13,19510,,
2009-11-12,18100,,
2009-11-11,16900,,
2009-11-10,17040,,
2009-11-09,15560,,
2009-11-08,16620,,
2009-11-07,16560,,
2009-11-06,15770,,
2009-11-05,16160,,
2009-11-04,15340,,
2009-11-03,15050,,
2009-11-02,15270,,
2009-11-01,15040,,
2009-10-31,14360,,
2009-10-30,13880,,
2009-10-29,13040,,
2009-10-28,13290,,
2009-10-27,13260,,
2009-10-26,13160,,
2009-10-25,13910,,
2009-10-24,14570,,
2009-10-23,14370,,
2009-10-22,13750,,
2009-10-21,14400,,
2009-10-20,14510,,
2009-10-19,14640,,
2009-10-18,14730,,
2009-10-17,14910,,
2009-10-16,14340,,
2009-10-15,14290,,
2009-10-14,15050,,
2009-10-13,14690,,
2009-10-12,14430,,
2009-10-11,15020,,
2009-10-10,15060,,
2009-10-09,14130,,
2009-10-08,14160,,
2009-10-07,14470,,
2009-10-06,14450,,
2009-10-05,14880,,
2009-10-04,14130,,
2009-10-03,14110,,
2009-10-02,14570,,
2009-10-01,15500,,
2009-09-30,12930,,
2009-09-29,13040,,
2009-09-28,12440,,
2009-09-27,12970,,
2009-09-26,12930,,
2009-09-25,13070,,
2009-09-24,12630,,
2009-09-23,12770,,
2009-09-22,12480,,
2009-09-21,12790,,
2009-09-20,12630,,
2009-09-19,12710,,
2009-09-18,12340,,
2009-09-17,12590,,
2009-09-16,13160,,
2009-09-15,13480,,
2009-09-14,12820,,
2009-09-13,13600,,
2009-09-12,13050,,
2009-09-11,12690,,
2009-09-10,12650,,
2009-09-09,12180,,
2009-09-08,13130,,
2009-09-07,13570,,
2009-09-06,13650,,
2009-09-05,14370,,
2009-09-04,14140,,
2009-09-03,13910,,
2009-09-02,13800,,
2009-09-01,13770,,
2009-08-31,12930,,
2009-08-30,13750,,
2009-08-29,12910,,
2009-08-28,12880,,
2009-08-27,13760,,
2009-08-26,13320,,
2009-08-25,13540,,
2009-08-24,14520,,
2009-08-23,14670,,
2009-08-22,15730,,
2009-08-21,15380,,
2009-08-20,15010,,
2009-08-19,14430,,
2009-08-18,15200,,
2009-08-17,15040,,
2009-08-16,15590,,
2009-08-15,15580,,
2009-08-14,16740,,
2009-08-13,15950,,
2009-08-12,16370,,
2009-08-11,15680,,
2009-08-10,16960,,
2009-08-09,16710,,
2009-08-08,16390,,
2009-08-07,16520,,
2009-08-06,15410,,
2009-08-05,14710,,
2009-08-04,14310,,
2009-08-03,14350,,
2009-08-02,13880,,
2009-08-01,14170,,
2009-07-31,14730,,
2009-07-30,15840,,
2009-07-29,16180,,
2009-07-28,16100,,
2009-07-27,16240,,
2009-07-26,16820,,
2009-07-25,17340,,
2009-07-24,17760,,
2009-07-23,18550,,
2009-07-22,18650,,
2009-07-21,19540,,
2009-07-20,19270,,
2009-07-19,19570,,
2009-07-18,20330,,
2009-07-17,19780,,
2009-07-16,20170,,
2009-07-15,19710,,
2009-07-14,19600,,
2009-07-13,21060,,
2009-07-12,19970,,
2009-07-11,20080,,
2009-07-10,19410,,
2009-07-09,18440,,
2009-07-08,18260,,
2009-07-07,18600,,
2009-07-06,18370,,
2009-07-05,18520,,
2009-07-04,18430,,
2009-07-03,17700,,
2009-07-02,17520,,
2009-07-01,17000,,
2009-06-30,15940,,
2009-06-29,16610,,
2009-06-28,16960,,
2009-06-27,17160,,
2009-06-26,15860,,
2009-06-25,16650,,
2009-06-24,17050,,
2009-06-23,17460,,
2009-06-22,18610,,
2009-06-21,19390,,
2009-06-20,18470,,
2009-06-19,17130,,
2009-06-18,18130,,
2009-06-17,18460,,
2009-06-16,18410,,
2009-06-15,21050,,
2009-06-14,20180,,
2009-06-13,20570,,
2009-06-12,20200,,
2009-06-11,19130,,
2009-06-10,20370,,
2009-06-09,19740,,
2009-06-08,21170,,
2009-06-07,20600,,
2009-06-06,21550,,
2009-06-05,20650,,
2009-06-04,21130,,
2009-06-03,21010,,
2009-06-02,19880,,
2009-06-01,21530,,
2009-05-31,20960,,
2009-05-30,21680,,
2009-05-29,20650,,
2009-05-28,20930,,
2009-05-27,20690,,
2009-05-26,20950,,
2009-05-25,21730,,
2009-05-24,21440,,
2009-05-23,21820,,
2009-05-22,21340,,
2009-05-21,22060,,
2009-05-20,20780,,
2009-05-19,20720,,
2009-05-18,20890,,
2009-05-17,21750,,
2009-05-16,21780,,
2009-05-15,21850,,
2009-05-14,20390,,
2009-05-13,20460,,
2009-05-12,20440,,
2009-05-11,21300,,
2009-05-10,21650,,
2009-05-09,21100,,
2009-05-08,20620,,
2009-05-07,19060,,
2009-05-06,20960,,
2009-05-05,21810,,
2009-05-04,21920,,
2009-05-03,21460,,
2009-05-02,21610,,
2009-05-01,22300,,
2009-04-30,21460,,
2009-04-29,21210,,
2009-04-28,20380,,
2009-04-27,19270,,
2009-04-26,19790,,
2009-04-25,20650,,
2009-04-24,20340,,
2009-04-23,20640,,
2009-04-22,21460,,
2009-04-21,21140,,
2009-04-20,22350,,
2009-04-19,22690,,
2009-04-18,21500,,
2009-04-17,19970,,
2009-04-16,19490,,
2009-04-15,20460,,
2009-04-14,20770,,
2009-04-13,20770,,
2009-04-12,22140,,
2009-04-11,20970,,
2009-04-10,20500,,
2009-04-09,21960,,
2009-04-08,23020,,
2009-04-07,22330,,
2009-04-06,24360,,
2009-04-05,23830,,
2009-04-04,24140,,
2009-04-03,23070,,
2009-04-02,21900,,
2009-04-01,23410,,
2009-03-31,23470,,
2009-03-30,23360,,
2009-03-29,22480,,
2009-03-28,24440,,
2009-03-27,22530,,
2009-03-26,22690,,
2009-03-25,24210,,
2009-03-24,20930,,
2009-03-23,22300,,
2009-03-22,23580,,
2009-03-21,23190,,
2009-03-20,22610,,
2009-03-19,23390,,
2009-03-18,24170,,
2009-03-17,24670,,
2009-03-16,25290,,
2009-03-15,26180,,
2009-03-14,26110,,
2009-03-13,24370,,
2009-03-12,26160,,
2009-03-11,25460,,
2009-03-10,26490,,
2009-03-09,26520,,
2009-03-08,27960,,
2009-03-07,27630,,
2009-03-06,27670,,
2009-03-05,28350,,
2009-03-04,28270,,
2009-03-03,28460,,
2009-03-02,29820,,
2009-03-01,29540,,
2009-02-28,29130,,
2009-02-27,28940,,
2009-02-26,30200,,
2009-02-25,29780,,
2009-02-24,30960,,
2009-02-23,30010,,
2009-02-22,29700,,
2009-02-21,30060,,
2009-02-20,31050,,
2009-02-19,30700,,
2009-02-18,31480,,
2009-02-17,32230,,
2009-02-16,32160,,
2009-02-15,32560,,
2009-02-14,32750,,
2009-02-13,31960,,
2009-02-12,32500,,
2009-02-11,32420,,
2009-02-10,33010,,
2009-02-09,32110,,
2009-02-08,32950,,
2009-02-07,32460,,
2009-02-06,34430,,
2009-02-05,36640,,
2009-02-04,37150,,
2009-02-03,37460,,
2009-02-02,37410,,
2009-02-01,37860,,
2009-01-31,38610,,
2009-01-30,37670,,
2009-01-29,36660,,
2009-01-28,35980,,
2009-01-27,32980,,
2009-01-26,33250,,
2009-01-25,31280,,
2009-01-24,33050,,
2009-01-23,32500,,
2009-01-22,32250,,
2009-01-21,32050,,
2009-01-20,31830,,
2009-01-19,31340,,
2009-01-18,30810,,
2009-01-17,31740,,
2009-01-16,31300,,
2009-01-15,32400,,
2009-01-14,32000,,
2009-01-13,31770,,
2009-01-12,32650,,
2009-01-11,31120,,
2009-01-10,31660,,
2009-01-09,32030,,
2009-01-08,33210,,
2009-01-07,32910,,
2009-01-06,32130,,
2009-01-05,32150,,
2009-01-04,32110,,
2009-01-03,33370,,
2009-01-02,33090,,
2009-01-01,32410,,
2008-12-31,31860,,
2008-12-30,31910,,
2008-12-29,32320,,
2008-12-28,32260,,
2008-12-27,31920,,
2008-12-26,31030,,
2008-12-25,30760,,
2008-12-24,29520,,
2008-12-23,28920,,
2008-12-22,29100,,
2008-12-21,28450,,
2008-12-20,28300,,
2008-12-19,27610,,
2008-12-18,27940,,
2008-12-17,28370,,
2008-12-16,26570,,
2008-12-15,26460,,
2008-12-14,26300,,
2008-12-13,28260,,
2008-12-12,27550,,
2008-12-11,28190,,
2008-12-10,26160,,
2008-12-09,26490,,
2008-12-08,26390,,
2008-12-07,25580,,
2008-12-06,26720,,
2008-12-05,26040,,
2008-12-04,24720,,
2008-12-03,24630,,
2008-12-02,24170,,
2008-12-01,24010,,
2008-11-30,23950,,
2008-11-29,24660,,
2008-11-28,23470,,
2008-11-27,24000,,
2008-11-26,23790,,
2008-11-25,23020,,
2008-11-24,22380,,
2008-11-23,23200,,
2008-11-22,23510,,
2008-11-21,22360,,
2008-11-20,22650,,
2008-11-19,22210,,
2008-11-18,22740,,
2008-11-17,23120,,
2008-11-16,23050,,
2008-11-15,22900,,
2008-11-14,21840,,
2008-11-13,22820,,
2008-11-12,23180,,
2008-11-11,22490,,
2008-11-10,23100,,
2008-11-09,22480,,
2008-11-08,22690,,
2008-11-07,22720,,
2008-11-06,21960,,
2008-11-05,21410,,
2008-11-02,22470,,
2008-11-01,22690,,
2008-10-31,21200,,
2008-10-30,21560,,
2008-10-29,22830,,
2008-10-28,22070,,
2008-10-27,21420,,
2008-10-26,23140,,
2008-10-25,22320,,
2008-10-24,22100,,
2008-10-23,20340,,
2008-10-22,20420,,
2008-10-21,20980,,
2008-10-20,21250,,
2008-10-19,22110,,
2008-10-18,21870,,
2008-10-17,21780,,
2008-10-16,23130,,
2008-10-15,22110,,
2008-10-14,21290,,
2008-10-13,20950,,
2008-10-08,19680,,
2008-10-07,20140,,
2008-10-06,20140,,
2008-10-05,20020,,
2008-10-04,20360,,
2008-10-03,21680,,
2008-10-02,22710,,
2008-10-01,22010,,
2008-09-30,22910,,
2008-09-29,22500,,
2008-09-28,21920,,
2008-09-27,22910,,
2008-09-26,21940,,
2008-09-25,22140,,
2008-09-24,21470,,
2008-09-23,21810,,
2008-09-22,22240,,
2008-09-21,21980,,
2008-09-20,23270,,
2008-09-19,23110,,
2008-09-18,22440,,
2008-09-17,22470,,
2008-09-16,21480,,
2008-09-15,19280,,
2008-09-14,19170,,
2008-09-13,20040,,
2008-09-12,17720,,
2008-09-11,14850,,
2008-09-10,14210,,
2008-09-09,14820,,
2008-09-08,15440,,
2008-09-07,14820,,
2008-09-06,14010,,
2008-09-05,14050,,
2008-09-04,13960,,
2008-09-03,14320,,
2008-09-02,14160,,
2008-09-01,14210,,
